X1,X2,X3,X4,X5,X6,X7,X8,X9,X10,X11,X12,X13
PLANT >>> Months to Sow,J,F,M,A,M,J,J,A,S,O,N,D
Amaranth,J,F,M,.,.,.,.,.,S,O,N,D
Angelica,.,.,.,.,.,.,.,.,.,O,N,.
Artichokes globe,.,.,.,.,.,.,.,A,S,O,N,.
Arugula/Rucola,J,F,M,A,M,.,.,A,S,O,N,D
Asparagus,.,.,.,.,.,.,.,A,S,O,N,D
Asparagus pea,J,F,.,.,.,.,.,.,S,O,N,D
Aubergine,J,.,.,.,.,.,.,A,S,O,N,D
Basil,.,.,.,.,.,.,.,.,S,O,N,.
Beans climbing/snake,J,F,.,.,.,.,.,.,S,O,N,D
Beans dwarf/bush,J,F,.,.,.,.,.,.,S,O,N,D
Beetroot,J,F,M,A,.,.,J,A,S,O,N,D
Beets,J,F,M,A,.,.,J,A,S,O,N,D
Belgian endive,.,.,.,.,M,J,J,A,S,O,N,D
Bell peppers,.,.,.,.,.,.,.,A,S,O,N,D
Black eye peas,.,.,.,.,.,.,.,.,.,O,N,D
Bok Choy,.,F,M,A,M,.,.,.,S,O,.,.
Borage,.,.,.,.,.,.,.,.,.,O,N,D
Borecole,.,F,M,A,M,J,.,.,S,O,N,D
Borekale,J,F,M,A,M,.,.,.,S,O,N,D
Broad bean,.,.,M,A,M,J,J,.,.,.,.,.
Broccoli,J,F,M,A,.,.,.,.,S,O,N,D
Brussels sprouts,J,F,M,A,M,.,.,.,.,.,.,D
Burdock,J,F,M,A,M,.,.,.,S,O,N,D
Cabbage loose-headed,.,.,M,A,M,J,J,A,S,O,N,D
Cabbage tight-headed,.,F,M,A,M,J,J,A,S,O,N,.
Canteloupe,J,F,M,.,.,.,.,.,S,O,N,D
Cape Gooseberry,.,.,.,.,.,.,.,A,S,O,N,.
Capsicum,.,.,.,.,.,.,.,A,S,O,N,D
Cardoon,.,.,.,.,.,.,.,A,S,O,N,.
Carrot,J,F,M,A,M,.,.,.,S,O,N,D
Cauliflower,J,F,M,A,M,.,.,.,.,.,.,D
Celeriac,.,.,.,.,.,.,.,.,S,O,N,D
Celery,.,.,.,.,.,.,.,.,S,O,N,D
Ceylon Spinach,J,F,M,.,.,.,.,.,S,O,N,D
Chayote squash,.,.,.,.,.,.,.,.,.,.,.,.
Chicory,.,.,.,.,M,J,J,A,S,O,N,D
Chilli peppers,.,.,.,.,.,.,.,A,S,O,N,.
Chinese cabbage,.,.,.,.,.,.,.,.,.,O,N,D
Chinese parsley,J,F,M,.,.,.,.,.,S,O,N,D
Chinese Peas,.,.,.,A,M,J,J,A,S,.,.,.
Chives,J,F,M,A,M,.,.,.,S,O,N,D
Choko,.,.,.,.,.,.,.,.,.,.,.,.
Cilantro,J,F,M,.,.,.,.,.,S,O,N,D
Cocoyam,.,.,.,.,.,.,.,.,.,.,.,D
Collards,J,F,M,A,M,.,.,.,S,O,N,D
Coriander,J,F,M,.,.,.,.,.,S,O,N,D
Corn Salad,.,.,.,A,M,.,.,.,S,.,.,.
Courgette,J,F,.,.,.,.,.,.,S,O,N,D
Cowpeas,.,.,.,.,.,.,.,.,.,O,N,D
Cucumber,J,F,.,.,.,.,.,.,S,O,N,D
Daikon,.,.,.,.,.,.,.,.,S,O,.,.
Dasheen,.,.,.,.,.,.,.,.,.,.,.,D
Dill,.,.,.,.,.,.,.,.,S,O,.,.
Eggplant,J,.,.,.,.,.,.,A,S,O,N,D
Endive,.,.,M,A,M,J,J,A,S,O,.,.
Eschalots,.,F,M,A,M,J,J,A,S,.,.,.
Fava bean,.,.,M,A,M,J,J,.,.,.,.,.
Fennel,.,.,.,.,.,.,.,.,S,O,N,D
Finocchio,.,F,M,A,M,.,.,.,S,O,.,.
Florence Fennel,.,F,M,A,M,.,.,.,S,O,.,.
French tarragon,J,.,.,.,.,.,.,.,.,O,N,D
Gai choy,J,F,M,A,M,J,J,A,S,O,N,D
Garlic,.,.,.,.,M,J,J,A,S,O,N,D
Ginger,.,.,.,.,.,.,.,.,.,.,.,.
Gobo,J,F,M,A,M,.,.,.,S,O,N,.
Gumbo,J,F,.,.,.,.,.,.,.,O,N,D
Horseradish,.,.,.,.,.,.,.,.,S,O,N,.
Hot peppers,.,.,.,.,.,.,.,A,S,O,N,.
Huauzontle,J,F,M,A,M,.,.,.,.,.,.,.
Japanese Greens,.,F,M,A,M,.,.,.,S,O,N,D
Japanese radish,.,.,.,.,.,.,.,.,S,O,.,.
Jerusalem Artichokes,.,F,M,A,M,J,J,A,S,O,N,D
Kale,.,F,M,A,M,J,.,.,S,O,N,D
Kohlrabi,J,F,M,A,M,J,J,A,S,O,N,D
Ladyfinger,J,F,.,.,.,.,.,.,.,O,N,D
Lamb's lettuce,.,.,.,A,M,.,.,.,S,.,.,.
Leeks,J,F,M,A,M,.,.,A,S,O,N,D
Lemon Balm,.,.,.,.,.,.,.,.,.,O,N,D
Lettuce,J,F,M,A,M,J,J,A,S,O,N,D
Lo Bok,.,.,.,.,.,.,.,.,S,O,.,.
Long Yam,.,F,.,.,.,.,.,.,.,.,N,D
Luffa/Loofah,.,.,.,.,.,.,.,.,S,O,N,D
Mache,.,.,.,A,M,.,.,.,S,.,.,.
Maize,J,F,.,.,.,.,.,.,S,O,N,D
Malabar greens,J,F,M,.,.,.,.,.,S,O,N,D
Mangetout,.,.,.,A,M,J,J,A,S,.,.,.
Mangle Wurzel,.,F,M,A,M,.,.,.,S,O,N,D
Mangold,J,F,M,A,M,.,.,.,S,O,N,D
Marrow,J,.,.,.,.,.,.,.,S,O,N,D
Mibuna,.,F,M,A,M,.,.,.,S,O,N,D
Mint,.,.,.,.,.,.,.,A,S,O,N,D
Mitzuna,.,F,M,A,M,.,.,.,S,O,N,D
Mizuna,.,F,M,A,M,.,.,.,S,O,N,D
Mustard greens,J,F,M,A,M,J,J,A,S,O,N,D
Napa cabbage,.,.,.,.,.,.,.,.,.,O,N,D
New Zealand Spinach,J,F,.,.,.,.,.,.,S,O,N,D
Okra,J,F,.,.,.,.,.,.,.,O,N,D
Onion,.,.,.,A,M,J,J,A,S,.,.,D
Oregano/Pot Marjoram,J,F,M,A,M,.,.,.,S,O,N,D
Pak Choy/Choi,.,F,M,A,M,.,.,.,S,O,.,.
Parsley,J,F,M,A,M,.,.,.,S,O,N,D
Parsnip,J,F,M,.,.,.,J,A,S,O,N,D
Peanut,.,.,.,.,.,.,.,.,.,.,.,D
Peas,.,.,.,A,M,J,J,A,S,.,.,.
Potato,.,.,.,.,.,.,.,A,S,O,N,D
Pumpkin,J,F,.,.,.,.,.,.,S,O,N,D
Quinoa,.,F,.,.,.,.,.,.,.,O,N,D
Radicchio,.,.,.,.,.,.,.,.,S,O,N,D
Radish,J,F,M,A,M,J,J,A,S,O,N,D
Rhubarb,.,.,.,.,.,.,.,.,S,O,N,D
Rocket,J,F,M,A,M,.,.,A,S,O,N,D
Rockmelon,J,F,M,.,.,.,.,.,S,O,N,D
Rosemary,.,.,.,.,.,.,.,.,.,O,N,.
Rutabaga,J,F,M,A,.,.,.,.,.,.,.,D
Sage,.,.,.,.,.,.,.,.,S,O,N,D
Salsify,J,F,M,A,M,.,.,.,S,O,N,D
Savory/Bean Herb,.,.,.,.,.,.,.,.,S,O,N,.
Scallions,D,F,.,.,.,.,J,A,S,O,N,.
Shallots,.,F,M,A,M,J,J,A,S,O,.,.
Silverbeet,J,F,M,A,M,.,.,.,S,O,N,D
Snow Peas,.,.,.,A,M,J,J,A,S,.,.,.
Southern peas,.,.,.,.,.,.,.,.,.,O,N,D
Spinach,.,F,M,A,M,.,.,A,S,.,.,.
Spring onions,D,F,.,.,.,.,J,A,S,O,N,D
Squash,J,F,.,.,.,.,.,.,S,O,N,D
Strawberry plants,.,.,.,.,.,J,J,.,.,.,.,.
Strawberry seeds,.,.,.,.,.,J,J,A,.,.,.,.
Sugar/Snap Peas,.,.,.,A,M,J,J,A,S,.,.,.
Summer squash,J,F,.,.,.,.,.,.,S,O,N,D
Sunchoke,.,F,M,A,M,J,J,A,S,O,N,D
Sunflower,J,.,.,.,.,.,.,A,S,O,N,D
Swedes,J,F,M,A,M,.,.,.,.,.,.,.
Sweet corn,J,F,.,.,.,.,.,.,S,O,N,D
Sweet Marjoram,.,.,.,.,.,.,.,.,.,O,N,D
Sweet peppers,.,.,.,.,.,.,.,A,S,O,N,.
Sweet Potato/ Kumara,J,F,.,.,.,.,.,.,.,O,N,D
Swiss Chard,J,F,M,A,M,.,.,.,S,O,N,D
Taro,.,.,.,.,.,.,.,.,.,.,.,D
Thyme,.,.,.,.,.,.,.,A,S,O,N,.
Tomatillo,.,.,.,.,.,.,.,.,S,O,N,.
Tomato,J,F,.,.,.,.,.,A,S,O,N,D
Tumeric,.,.,.,.,.,.,.,.,.,.,.,.
Turnip,J,F,M,A,M,.,.,.,S,O,N,D
Vegetable oyster,J,F,M,A,M,.,.,.,S,O,N,D
Vietnamese Mint,.,.,.,.,.,.,.,.,.,.,.,D
Warrigal greens,J,F,.,.,.,.,.,.,S,O,N,D
Water Chestnut,J,F,.,.,.,.,.,.,.,O,N,D
Watermelon,J,F,.,.,.,.,.,A,S,O,N,D
Winged bean,J,F,.,.,.,.,.,.,S,O,N,.
Witloof,.,.,.,.,M,J,J,A,S,O,N,D
Wong bok,.,.,.,.,.,.,.,.,.,O,N,D
Yacon/Sunroot,.,.,.,.,.,.,.,.,.,O,N,.
Yam/Oka/Oca,.,.,.,.,.,.,.,.,.,O,N,D
Zucchini,J,F,.,.,.,.,.,.,S,O,N,D
